{
  "mean": -23.953393936157227,
  "std": 17.135095596313477
}