{
  "timestamp": "2026-04-05T11:54:47.741805",
  "test_set_size": 6589,
  "test_safe": 4541,
  "test_unsafe": 2048,
  "waveform_test_size": 5204,
  "models": {
    "SafeCommute (ours)": {
      "accuracy": 0.6747609652451054,
      "precision": 0.8043216419711823,
      "recall": 0.6747609652451054,
      "f1": 0.6836728986074377,
      "auc_roc": 0.856363215443322,
      "confusion_matrix": [
        [
          2540,
          2001
        ],
        [
          142,
          1906
        ]
      ],
      "threshold_used": 0.5,
      "optimal_threshold": 0.6426458954811096,
      "optimal_f1": 0.7893358905139826,
      "per_class": {
        "safe": {
          "precision": 0.947054436987323,
          "recall": 0.559348161197974,
          "f1": 0.7033088744289077,
          "support": 4541
        },
        "unsafe": {
          "precision": 0.48784233427181983,
          "recall": 0.9306640625,
          "f1": 0.6401343408900084,
          "support": 2048
        }
      },
      "params": 1829444,
      "params_human": "1.83M",
      "size_mb": 7.0,
      "latency_mean_ms": 12.0,
      "latency_std_ms": 1.5,
      "latency_p99_ms": 19.4
    },
    "SafeCommute (INT8)": {
      "accuracy": 0.6752162695401427,
      "precision": 0.8047105062911387,
      "recall": 0.6752162695401427,
      "f1": 0.6841252320862476,
      "auc_roc": 0.8564332694478088,
      "confusion_matrix": [
        [
          2542,
          1999
        ],
        [
          141,
          1907
        ]
      ],
      "threshold_used": 0.5,
      "optimal_threshold": 0.6425782442092896,
      "optimal_f1": 0.789514862312588,
      "per_class": {
        "safe": {
          "precision": 0.9474468878121506,
          "recall": 0.5597885928209645,
          "f1": 0.7037652270210409,
          "support": 4541
        },
        "unsafe": {
          "precision": 0.4882232462877624,
          "recall": 0.93115234375,
          "f1": 0.6405777628485052,
          "support": 2048
        }
      },
      "params": 1145154,
      "params_human": "1.15M",
      "size_mb": 5.05,
      "latency_mean_ms": 10.5,
      "latency_std_ms": 1.4,
      "latency_p99_ms": 13.8
    },
    "Energy Baseline": {
      "accuracy": 0.3108210654120504,
      "precision": 0.09660973470388211,
      "recall": 0.3108210654120504,
      "f1": 0.1474033905207547,
      "auc_roc": 0.45088956220064413,
      "confusion_matrix": [
        [
          0,
          4541
        ],
        [
          0,
          2048
        ]
      ],
      "threshold_used": 0.5,
      "optimal_threshold": 0.9954383750319447,
      "optimal_f1": 0.595197882854753,
      "per_class": {
        "safe": {
          "precision": 0.0,
          "recall": 0.0,
          "f1": 0.0,
          "support": 4541
        },
        "unsafe": {
          "precision": 0.3108210654120504,
          "recall": 1.0,
          "f1": 0.47423874030334606,
          "support": 2048
        }
      },
      "params": 0,
      "params_human": "0",
      "size_mb": 0.0,
      "latency_mean_ms": 0.01,
      "latency_std_ms": 0.0,
      "latency_p99_ms": 0.01
    },
    "PANNs CNN14": {
      "accuracy": 0.5931975403535742,
      "precision": 0.4841413739584143,
      "recall": 0.5931975403535742,
      "f1": 0.46806658895453074,
      "auc_roc": 0.6242743082372861,
      "confusion_matrix": [
        [
          3035,
          121
        ],
        [
          1996,
          52
        ]
      ],
      "threshold_used": 0.5,
      "optimal_threshold": 0.003992302808910608,
      "optimal_f1": 0.6306081138501749,
      "per_class": {
        "safe": {
          "precision": 0.603259789306301,
          "recall": 0.961660329531052,
          "f1": 0.7414193233174545,
          "support": 3156
        },
        "unsafe": {
          "precision": 0.30057803468208094,
          "recall": 0.025390625,
          "f1": 0.04682575416479064,
          "support": 2048
        }
      },
      "params": 81837071,
      "params_human": "81.8M",
      "size_mb": 320.0,
      "latency_mean_ms": 250.0,
      "latency_std_ms": 20.0,
      "latency_p99_ms": 300.0,
      "test_samples": 5204
    },
    "AST (Transformer)": {
      "accuracy": 0.6018447348193697,
      "precision": 0.5181263831084559,
      "recall": 0.6018447348193697,
      "f1": 0.46856902832977754,
      "auc_roc": 0.6150187793340067,
      "confusion_matrix": [
        [
          3093,
          63
        ],
        [
          2009,
          39
        ]
      ],
      "threshold_used": 0.5,
      "optimal_threshold": 0.004631825722754002,
      "optimal_f1": 0.6337622127966145,
      "per_class": {
        "safe": {
          "precision": 0.6062328498627989,
          "recall": 0.9800380228136882,
          "f1": 0.7490917897796077,
          "support": 3156
        },
        "unsafe": {
          "precision": 0.38235294117647056,
          "recall": 0.01904296875,
          "f1": 0.03627906976744186,
          "support": 2048
        }
      },
      "params": 86594063,
      "params_human": "86.6M",
      "size_mb": 330.3,
      "latency_mean_ms": 964.8,
      "latency_std_ms": 0.0,
      "latency_p99_ms": 1157.8,
      "test_samples": 5204
    },
    "Wav2Vec2 (SSL)": {
      "accuracy": 0.606456571867794,
      "precision": 0.3677895735616368,
      "recall": 0.606456571867794,
      "f1": 0.45788922029061196,
      "auc_roc": 0.5227916412933697,
      "confusion_matrix": [
        [
          3156,
          0
        ],
        [
          2048,
          0
        ]
      ],
      "threshold_used": 0.5,
      "optimal_threshold": 0.011037880206440457,
      "optimal_f1": 0.5812710925749941,
      "per_class": {
        "safe": {
          "precision": 0.606456571867794,
          "recall": 1.0,
          "f1": 0.755023923444976,
          "support": 3156
        },
        "unsafe": {
          "precision": 0.0,
          "recall": 0.0,
          "f1": 0.0,
          "support": 2048
        }
      },
      "params": 94371712,
      "params_human": "94.4M",
      "size_mb": 360.0,
      "latency_mean_ms": 191.6,
      "latency_std_ms": 0.0,
      "latency_p99_ms": 229.9,
      "test_samples": 5204
    },
    "Whisper-tiny": {
      "accuracy": 0.393543428132206,
      "precision": 0.1548764298260488,
      "recall": 0.393543428132206,
      "f1": 0.22227714859756148,
      "auc_roc": 0.5804902090017031,
      "confusion_matrix": [
        [
          0,
          3156
        ],
        [
          0,
          2048
        ]
      ],
      "threshold_used": 0.5,
      "optimal_threshold": 0.999853678582833,
      "optimal_f1": 0.5774223032771179,
      "per_class": {
        "safe": {
          "precision": 0.0,
          "recall": 0.0,
          "f1": 0.0,
          "support": 3156
        },
        "unsafe": {
          "precision": 0.393543428132206,
          "recall": 1.0,
          "f1": 0.5648097076668506,
          "support": 2048
        }
      },
      "params": 37760640,
      "params_human": "37.8M",
      "size_mb": 144.0,
      "latency_mean_ms": 132.1,
      "latency_std_ms": 0.0,
      "latency_p99_ms": 158.5,
      "test_samples": 5204
    }
  }
}