{
  "mean": -22.54670524597168,
  "std": 18.331375122070312
}